{
  "all_levels_all": {
    "n": 668338,
    "accuracy": 0.678503990495827,
    "brier": 0.13000095386662283
  },
  "all_levels_all_warm30": {
    "n": 398559,
    "accuracy": 0.6714137680995788,
    "brier": 0.1213511189851434
  },
  "main_tour_all": {
    "n": 175093,
    "accuracy": 0.6777141290628409,
    "brier": 0.10572782006985924
  },
  "main_tour_all_warm30": {
    "n": 145372,
    "accuracy": 0.6718418952755689,
    "brier": 0.10539334852413268
  },
  "challenger_all": {
    "n": 478785,
    "accuracy": 0.6778804682686383,
    "brier": 0.1390927314865841
  },
  "challenger_all_warm30": {
    "n": 244864,
    "accuracy": 0.670147510454783,
    "brier": 0.1313059750254483
  },
  "grand_slam_all": {
    "n": 26614,
    "accuracy": 0.7201848651085895,
    "brier": 0.09492796962113452
  },
  "grand_slam_all_warm30": {
    "n": 23066,
    "accuracy": 0.7198040405792074,
    "brier": 0.094784539592168
  },
  "masters_all": {
    "n": 23600,
    "accuracy": 0.6674576271186441,
    "brier": 0.10234093862834946
  },
  "masters_all_warm30": {
    "n": 21942,
    "accuracy": 0.6634764378816881,
    "brier": 0.10296234528125575
  },
  "atp_250_500_all": {
    "n": 124292,
    "accuracy": 0.6707028610047308,
    "brier": 0.10864824008360123
  },
  "atp_250_500_all_warm30": {
    "n": 99780,
    "accuracy": 0.6627280016035277,
    "brier": 0.10833202575014163
  },
  "davis_cup_all": {
    "n": 14397,
    "accuracy": 0.7087587691880253,
    "brier": 0.1230436472232814
  },
  "davis_cup_all_warm30": {
    "n": 8260,
    "accuracy": 0.7012106537530266,
    "brier": 0.10736428927080277
  },
  "olympics_all": {
    "n": 63,
    "accuracy": 0.6984126984126984,
    "brier": 0.08576939589438667
  },
  "olympics_all_warm30": {
    "n": 63,
    "accuracy": 0.6984126984126984,
    "brier": 0.08576939589438667
  },
  "all_levels_2022plus": {
    "n": 58673,
    "accuracy": 0.6731546026281253,
    "brier": 0.13536195537998746
  },
  "all_levels_2022plus_warm30": {
    "n": 33924,
    "accuracy": 0.6586782219077939,
    "brier": 0.12598004053176057
  },
  "main_tour_2022plus": {
    "n": 7951,
    "accuracy": 0.6429379952207269,
    "brier": 0.10654012765302898
  },
  "main_tour_2022plus_warm30": {
    "n": 7855,
    "accuracy": 0.6421387651177594,
    "brier": 0.10739628950514907
  },
  "challenger_2022plus": {
    "n": 49984,
    "accuracy": 0.6777168693982074,
    "brier": 0.1403508052015803
  },
  "challenger_2022plus_warm30": {
    "n": 25442,
    "accuracy": 0.6633519377407436,
    "brier": 0.13218731045215218
  },
  "grand_slam_2022plus": {
    "n": 1474,
    "accuracy": 0.7164179104477612,
    "brier": 0.09154348146248834
  },
  "grand_slam_2022plus_warm30": {
    "n": 1462,
    "accuracy": 0.7181942544459644,
    "brier": 0.09183698810278527
  },
  "masters_2022plus": {
    "n": 1852,
    "accuracy": 0.6393088552915767,
    "brier": 0.10134061346385939
  },
  "masters_2022plus_warm30": {
    "n": 1831,
    "accuracy": 0.638995084653195,
    "brier": 0.10217522075712103
  },
  "atp_250_500_2022plus": {
    "n": 4567,
    "accuracy": 0.6216334574118677,
    "brier": 0.1134449179264578
  },
  "atp_250_500_2022plus_warm30": {
    "n": 4507,
    "accuracy": 0.6197026847126692,
    "brier": 0.11447354942316733
  },
  "davis_cup_2022plus": {
    "n": 675,
    "accuracy": 0.6888888888888889,
    "brier": 0.11006419837575411
  },
  "davis_cup_2022plus_warm30": {
    "n": 564,
    "accuracy": 0.6737588652482269,
    "brier": 0.10928371714804531
  },
  "olympics_2022plus": {
    "n": 63,
    "accuracy": 0.6984126984126984,
    "brier": 0.08576939589438667
  },
  "olympics_2022plus_warm30": {
    "n": 63,
    "accuracy": 0.6984126984126984,
    "brier": 0.08576939589438667
  }
}