{
  "alpha_0.05": {
    "split": {
      "threshold": 0.7447380966328488,
      "coverage": 0.9421797714480641,
      "avg_set_size": 1.6094235033259423,
      "singleton_rate": 0.39057649667405764
    },
    "adaptive": {
      "thresholds": {
        "0": 0.9076374600064521,
        "1": 0.852236795552689,
        "2": 0.7752880407873735,
        "3": 0.6828716841034206,
        "4": 0.5877653297157582,
        "5": 0.5877025611198047,
        "6": 0.6839141163212491,
        "7": 0.7760399473879148,
        "8": 0.8525350800289866,
        "9": 0.907459554247005
      },
      "coverage": 0.9519955654101996,
      "avg_set_size": 1.7158366024219682,
      "singleton_rate": 0.2841633975780317
    }
  },
  "alpha_0.1": {
    "split": {
      "threshold": 0.6747170653220459,
      "coverage": 0.8978935698447894,
      "avg_set_size": 1.4543151969981238,
      "singleton_rate": 0.5456848030018762
    },
    "adaptive": {
      "thresholds": {
        "0": 0.09802313614330448,
        "1": 0.8254948058718966,
        "2": 0.7530396491610675,
        "3": 0.6663423743504755,
        "4": 0.5758075691526539,
        "5": 0.5744046464810495,
        "6": 0.6688703277616532,
        "7": 0.7516533158889386,
        "8": 0.8228556537966711,
        "9": 0.09809413749082396
      },
      "coverage": 0.9047586559781682,
      "avg_set_size": 1.5325686508613339,
      "singleton_rate": 0.4674313491386662
    }
  },
  "alpha_0.2": {
    "split": {
      "threshold": 0.5813687253252611,
      "coverage": 0.8109244414122463,
      "avg_set_size": 1.221541872761385,
      "singleton_rate": 0.7784581272386151
    },
    "adaptive": {
      "thresholds": {
        "0": 0.09174311736516474,
        "1": 0.19483825469552918,
        "2": 0.7171748155837392,
        "3": 0.6390204277900702,
        "4": 0.5517767117582457,
        "5": 0.5509271328544234,
        "6": 0.6398773215902479,
        "7": 0.7178410619273662,
        "8": 0.19528281375943857,
        "9": 0.09186139499494761
      },
      "coverage": 0.8247228381374723,
      "avg_set_size": 1.279285348797544,
      "singleton_rate": 0.720714651202456
    }
  }
}