{
  "model": "OPUS_Improved",
  "all_levels": {
    "accuracy": 0.7088691796008869,
    "brier": 0.18849282271526857,
    "roc_auc": 0.7858545372333994,
    "n": 117260
  },
  "main_tour": {
    "accuracy": 0.6631241353288895,
    "brier": 0.2084111776596386,
    "roc_auc": 0.7327571287353503,
    "n": 15902
  },
  "grand_slam": {
    "accuracy": 0.7435549525101763,
    "brier": 0.172968235536434,
    "roc_auc": 0.8245021346947266,
    "n": 2948
  },
  "masters": {
    "accuracy": 0.6549676025917927,
    "brier": 0.21502406838394295,
    "roc_auc": 0.7164946890641837,
    "n": 3704
  },
  "atp_250_500": {
    "accuracy": 0.6427633019487629,
    "brier": 0.21642360840653777,
    "roc_auc": 0.7076981797760986,
    "n": 9134
  },
  "challenger": {
    "accuracy": 0.7159245479276685,
    "brier": 0.1854022157155253,
    "roc_auc": 0.7932352991889167,
    "n": 99984
  },
  "davis_cup": {
    "accuracy": 0.7259615384615384,
    "brier": 0.18551338457122027,
    "roc_auc": 0.7939164201183433,
    "n": 1248
  }
}