{
  "model": "OPUS_LightGBM",
  "all_levels": {
    "accuracy": 0.709073852976292,
    "brier": 0.1888027219601388,
    "roc_auc": 0.7851335926068332,
    "log_loss": 0.5563532006046167,
    "n": 117260
  },
  "main_tour": {
    "accuracy": 0.6614891208653,
    "brier": 0.20871093753119194,
    "roc_auc": 0.7319252190513328,
    "log_loss": 0.6030462861548954,
    "n": 15902
  },
  "grand_slam": {
    "accuracy": 0.7401628222523745,
    "brier": 0.17330302655821697,
    "roc_auc": 0.8238807811196882,
    "log_loss": 0.5205202978039041,
    "n": 2948
  },
  "masters": {
    "accuracy": 0.6530777537796977,
    "brier": 0.2154057948955703,
    "roc_auc": 0.7154168163307195,
    "log_loss": 0.6202654668346034,
    "n": 3704
  },
  "atp_250_500": {
    "accuracy": 0.642106415590103,
    "brier": 0.21669665591352882,
    "roc_auc": 0.7067833524927185,
    "log_loss": 0.6210962998350165,
    "n": 9134
  },
  "challenger": {
    "accuracy": 0.7164546327412386,
    "brier": 0.1857157758223999,
    "roc_auc": 0.792516579016861,
    "log_loss": 0.5491466660873646,
    "n": 99984
  },
  "davis_cup": {
    "accuracy": 0.7219551282051282,
    "brier": 0.1857669736592079,
    "roc_auc": 0.7928454758382643,
    "log_loss": 0.5476343401164194,
    "n": 1248
  },
  "olympics": {
    "accuracy": 0.7301587301587301,
    "brier": 0.15589313866143548,
    "roc_auc": 0.855379188712522,
    "log_loss": 0.4683043009353292,
    "n": 126
  },
  "futures": {
    "accuracy": 0.45689655172413796,
    "brier": 0.26598005965539556,
    "roc_auc": 0.5380499405469679,
    "log_loss": 0.7292354539726433,
    "n": 116
  }
}